小区,count,lng,lat,上线时间,建筑类型,价格类型,显示价格,户型数量,区,地段,地址,ID
金隅大成郡,29000,121.27216299999999,31.410794,2018-01-30,高层,均价,均价,8,嘉定,嘉定新城,武乡南路259弄，武乡南路230弄,272906
中国铁建香榭国际,37800,121.44522099999999,30.993021999999996,2018-04-30,"叠加别墅,高层",均价,均价,8,奉贤,西渡,西闸公路与扶兰路交汇处,416419
正荣国领,41655,121.374995,31.413760999999997,2017-05-28,"独栋别墅,叠加别墅",总价,总价,6,宝山,罗店,抚远路1211弄,250294
昆山万科海上传奇,17222,120.96791699999999,31.187395000000002,2018-03-20,"小高层,花园洋房",总价,总价,4,上海周边,昆山,周同公路，近锦东路,416927
万科Mixtown,21000,121.084769,31.283520000000003,2017-11-25,"小高层,高层",均价,均价,15,花桥,花桥,金融大道355号,250688
融信铂爵,42000,121.08791699999999,31.141437,2018-03-31,高层,均价,均价,5,青浦,青浦新城,大盈浦路1500弄,411776
恒大海上威尼斯,3926,121.933926,31.721349,2017-12-24,"独栋别墅,联排别墅,双拼别墅,叠加别墅,多层,小高层,高层,花园洋房",总价,总价,22,上海周边,启东,堤顶公路,246309
信达蓝尊,44000,121.260976,31.06451,2018-01-19,高层,均价,均价,9,松江,松江新城,长水街277弄,414150
禹洲雍贤府,32000,121.522025,30.979903000000004,2018-03-31,"叠加别墅,高层",均价,均价,10,奉贤,金汇,大叶公路，近浦星公路,416406
禹洲府名廷,46000,121.385703,31.027477,,小高层,均价,均价,2,闵行,马桥,富国路199弄,417458
万业紫辰苑,39600,121.444699,31.405659999999997,2017-09-02,"多层,高层,超高层",均价,均价,1,宝山,杨行,江杨北路1568弄,218831
绿地·天呈,45112,121.246945,31.402737,2017-07-06,"叠加别墅,多层,高层",总价,总价,6,嘉定,嘉定镇,嘉唐公路169弄,411535
融创江南悦,15800,121.089242,30.836026,2017-12-16,"高层,花园洋房",均价,均价,9,上海周边,嘉兴,虹桥路，近平兴公路,429482
碧桂园·十里外滩,11500,121.59083600000001,31.734505,2018-01-12,"双拼别墅,小高层,高层",均价,均价,5,上海周边,启东,启隆乡永兴街260号,414613
UNICITY万科天空之城,59540,121.26365,31.180121999999997,2018-03-10,高层,总价,总价,4,青浦,徐泾,诸陆西路,414304
首创旭辉城,26000,121.20671999999999,31.419903,2018-03-08,小高层,均价,均价,4,嘉定,嘉定新城,汇源路518弄,389553
万科安亭新镇,34545,121.183929,31.275405,2018-02-25,"联排别墅,叠加别墅,多层,花园洋房",总价,总价,10,嘉定,安亭,安礼路399弄,400512
桐南美麓,30000,121.49376699999999,30.960655,2018-01-21,"叠加别墅,多层,高层,花园洋房",均价,均价,10,奉贤,南桥,广丰路，近金海公路,414415
海上时光,14000,121.203883,31.615213,2018-01-31,"小高层,高层",均价,均价,3,上海周边,太仓,港区碧云路与平江路交汇处,429255
同济东时区,87777,121.753947,31.153528,2018-04-10,"联排别墅,叠加别墅,小高层,高层",总价,总价,6,浦东,祝桥,航城三路288弄，航城四路318弄,263906
大发融悦四季,39000,121.15653477264,31.158755770503998,2018-01-07,"小高层,花园洋房",均价,均价,6,青浦,青浦新城,秀泽路515弄（汇金路秀泽路路口）,416343
御澜雅苑,43000,121.15321499999999,31.158965000000002,2017-12-31,"高层,花园洋房",均价,均价,3,青浦,青浦新城,秀泽路,416219
宝华帝华园,29800,121.58139690318,30.930245467568003,2018-01-16,高层,均价,均价,6,奉贤,金汇,南奉公路3111弄,417269
静安·慕舍,75000,121.461973,31.296815999999996,2018-01-01,高层,均价,均价,5,静安,大宁绿地,广延路1199弄,411368
东方颐城,30000,121.87970200000001,30.988657,2017-12-30,"联排别墅,叠加别墅,多层,花园洋房",均价,均价,4,浦东,临港新城,东大公路与崇实路交汇处,405856
泰禾大城小院,27000,121.70132696923001,31.405020210776,2018-02-03,高层,均价,均价,2,崇明,长兴岛,凤凰公路潘圆公路交叉口,417874
葛洲坝绿城·玉兰花园,42000,121.09700000000001,31.177132,2017-06-10,"叠加别墅,多层",均价,均价,8,青浦,青浦新城,清河湾路1699弄,253190
正荣御首府,24000,121.32538600000001,30.751565000000003,2017-03-04,"联排别墅,小高层,高层",均价,均价,14,金山,金山新城,龙轩路1998弄,252191
金科集美嘉悦,18000,120.96109512953001,30.916354472223002,2017-12-31,"小高层,高层",均价,均价,3,上海周边,嘉善,姚庄大道和兴学路交汇处,432607
M旭辉城M-CITY,18600,120.95927668773999,30.913371081631,2017-12-30,"多层,高层,花园洋房",均价,均价,3,上海周边,嘉善,姚庄大道兴学路路南侧300米,432546
中骏天悦,95000,121.407719,31.261274,2017-01-20,"多层,高层,花园洋房",均价,均价,7,普陀,真如,固川路166弄,414502
中粮南桥锦云,37000,121.491019,30.926322999999996,2018-07-30,高层,均价,均价,6,奉贤,南桥,德政路298弄,429246
佳兆业君汇上品,30000,121.20134399999999,31.202714,2017-09-09,"多层,小高层,高层",均价,均价,4,青浦,重固,崧建路339弄,412391
大学里二期,44342,121.21712911228,31.285706539773003,2017-07-20,小高层,总价,总价,4,嘉定,安亭,曹安公路4801号（近绿苑路）,252043
安亭瑞仕锦庭,31500,121.193964,31.281779999999998,2017-07-07,高层,均价,均价,6,嘉定,安亭,安研路67弄,414236
上海星河湾,76500,121.41761000000001,31.094918,2016-05-28,高层,均价,均价,10,闵行,颛桥,都会路3888弄,216434
大名城紫金9号,70000,121.67283,31.235025,2016-10-09,高层,均价,均价,6,浦东,唐镇,德淳路99弄,401196
鹏欣一品漫城五期前滩·尚城,68000,121.49193000000001,31.120787,2016-10-30,"独栋别墅,小高层",均价,均价,3,闵行,浦江,芦恒路306弄,253229
象屿·上海年华,46000,121.345945,31.079506,2017-03-04,"多层,高层,花园洋房",均价,均价,5,松江,新桥,明华路1077弄,252546
浦发罗兰翡丽,65000,121.67998999999999,31.232574,2016-11-15,高层,均价,均价,9,浦东,唐镇,玉盘北路281弄,252977
景瑞城中公园,39000,121.122446,31.164782000000002,2016-12-19,高层,均价,均价,2,青浦,青浦新城,城中北路588弄,411591
万科公园大道,32648,121.38706599999999,31.030724,2018-01-19,"多层,高层",总价,总价,9,闵行,马桥,富卓路789弄,253147
新城上坤樾山明月,100840,121.24241299999998,31.105844,2018-12-31,独栋别墅,总价,总价,7,松江,佘山,洞坤路168弄,411718
碧云壹零,26000,121.90611000000001,30.909195,2017-09-06,"联排别墅,叠加别墅,小高层,花园洋房",均价,均价,8,浦东,临港新城,竹柏路758弄,237702
东滩花园,40000,121.84536100000001,31.461477000000002,2017-11-15,"独栋别墅,联排别墅",均价,均价,4,崇明,陈家镇,揽海路1号,237684
路劲•佘山院子,38000,121.144896,31.031423999999998,2017-06-30,"联排别墅,多层,小高层,高层",均价,均价,4,松江,松江新城,崇南公路599弄,416553
天健萃园,23000,121.81385700000001,30.961746,2017-09-19,"多层,高层,花园洋房",均价,均价,6,浦东,临港新城,祥凯路2013弄,409268
佘山御庭,57627,121.201811,31.103662,2016-11-02,独栋别墅,总价,总价,9,松江,佘山,外青松公路9199弄,400757
仁恒·公园世纪,125000,121.540364,31.215162,2017-05-06,"高层,超高层",均价,均价,5,浦东,花木,银融路88弄,383881
长城逸府,13000,121.03763300000001,30.904386,2017-05-20,"联排别墅,小高层,花园洋房",均价,均价,7,金山,枫泾,白牛路1068弄,237886
御岛财富公馆,35000,121.70489099999999,31.397140999999998,2014-11-29,小高层,均价,均价,8,崇明,长兴岛,凤蓉路455弄,252971
帕缇欧香苑,40000,121.131918,31.146662,2016-07-22,"独栋别墅,小高层",均价,均价,9,青浦,青浦新城,外青松公路6666弄,210618
宝业爱多邦,41000,121.161484,31.150698,2018-12-31,高层,均价,均价,4,青浦,青浦新城,崧淀二路99弄,411465
禹洲东滩雍禧,35000,121.81480900000001,31.499307,2017-02-05,"联排别墅,叠加别墅",均价,均价,9,崇明,陈家镇,北陈公路1568弄,409399
上海高尔夫社区汤泉美地城,38360,121.206442,30.881077,2016-10-01,"独栋别墅,联排别墅,小高层,高层",总价,总价,7,金山,朱泾,金石北路6800弄,245393
复地申公馆,23000,121.52366,31.080329,2012-09-27,,均价,均价,3,闵行,浦江,恒南路688弄（近联航路）,249664
碧桂园湖悦天境花园,19500,120.863794,31.037428000000002,2017-04-16,"叠加别墅,高层",均价,均价,6,上海周边,其他,海南路99号,415730
金地艺境,15000,120.761123,30.822723999999997,2017-06-18,"高层,花园洋房",均价,均价,6,上海周边,嘉兴,东方路，近正阳西路,417757
东渡悦来城,40000,121.089831,31.142527,2017-04-22,高层,均价,均价,6,青浦,青浦新城,淀山湖大道866号,414633
臻水岸苑,43887,121.231132,31.147539000000002,2018-12-30,双拼别墅,总价,总价,8,青浦,赵巷,业辉路199弄,411929
盛誉世家,42000,121.10780756406,31.167924174903003,2017-07-08,"小高层,花园洋房",均价,均价,3,青浦,青浦新城,淀湖路666弄,417238
恒大花逸,30000,121.036497,31.139403,2017-05-06,"联排别墅,双拼别墅,花园洋房",均价,均价,16,青浦,朱家角,淀山湖大道3600弄,408649
新华红星国际广场,90000,121.37856076105,31.180830615444002,2016-07-13,,均价,均价,8,闵行,金虹桥,虹井路120弄2号（近吴中路）,401240
大华斐勒公园,193548,121.532248,31.184611999999998,2017-02-08,"叠加别墅,多层,高层,花园洋房",总价,总价,2,浦东,花木,北艾路1643弄,414485
首创禧悦翠庭,40000,121.086527,31.137531,2016-12-28,"多层,高层,花园洋房",均价,均价,8,青浦,青浦新城,黄泥娄路287弄,415445
森兰美伦,40000,121.600296,31.322695,2016-04-06,,均价,均价,1,浦东,外高桥,兰嵩路555号,416313
新南浔孔雀城,8400,120.44450009372,30.87541045868,2017-10-08,"独栋别墅,联排别墅,高层",均价,均价,5,上海周边,其他,浙江省湖州市南浔镇浔练公路和联谊路交叉口,415820
新奇世界·上影安吉,13000,119.62126383441002,30.693868413355,2018-12-31,"独栋别墅,联排别墅,双拼别墅,小高层",均价,均价,4,上海周边,其他,安吉递铺镇孝源街道科教文新区维学街,414805
碧桂园嘉誉,31670,121.282927,31.423963,2016-09-28,"小高层,花园洋房",均价,均价,4,嘉定,嘉定新城,启悦路700弄,400681
嘉兴金地都会艺境,14000,120.81451499999999,30.676935999999998,2017-10-20,"多层,高层",均价,均价,2,上海周边,嘉兴,余新镇渔里街与新昌路交叉口（余新镇镇府旁）,417761
中意国际,23000,121.506914,31.11226,2013-12-30,,均价,均价,2,闵行,浦江,浦星公路800号5-8幢,413321
绿都·绣云里,60000,121.717256,31.11505,2017-08-11,,均价,均价,1,浦东,川沙,崇溪路111弄,417104
绿地康桥郡,20000,121.08783600000001,31.282465000000002,2017-05-20,"叠加别墅,高层",均价,均价,8,花桥,花桥,金融大道,410219
远香湖九号,40000,121.27136899999999,31.351778999999997,2016-07-02,"叠加别墅,高层",均价,均价,8,嘉定,嘉定新城,宝塔路99弄,189831
融创香溢花城三期香溢天地,98000,121.441014,31.261951,2017-04-04,高层,均价,均价,4,普陀,光新,石泉东路215弄,189784
泰禾红桥,41000,121.158445,31.151352000000003,2017-05-07,"多层,小高层,高层,花园洋房",均价,均价,5,青浦,青浦新城,青湖东路555弄,252705
外冈壹号,25000,121.182447,31.365116999999998,2016-08-06,"联排别墅,花园洋房",均价,均价,4,嘉定,嘉定镇,外青松公路199弄,411263
新城上坤樾山美墅,104347,121.244571,31.107558,2017-03-12,"联排别墅,叠加别墅",总价,总价,7,松江,佘山,洞塔路728弄,414084
上海西环中心·星信名邸,49800,121.310134,31.312126,2017-06-26,高层,均价,均价,5,嘉定,南翔,德园路955弄,414121
禹洲丁香里,29200,121.28008700000001,31.414984999999998,2017-04-26,高层,均价,均价,3,嘉定,嘉定镇,树屏东路599弄,414065
朱家角新城观澜府,35000,121.05810600000001,31.129139000000002,2017-03-11,"联排别墅,双拼别墅",总价,总价,3,青浦,朱家角,阁游路258弄,416006
新城盛世,42000,121.10764499999999,31.167315000000002,2017-09-29,高层,均价,均价,3,青浦,青浦新城,淀湖路555弄,414252
圣和静安公馆,110000,121.48732199999999,31.25272,2016-06-07,高层,均价,均价,5,静安,西藏北路,山西北路388弄,13509
中南君悦府,46491,121.08459664513,31.139698294884,2017-06-26,"叠加别墅,多层,小高层",总价,总价,7,青浦,青浦新城,大盈浦路1800弄,412051
碧桂园玫瑰公馆,45903,121.087432,30.879007,2017-06-10,"联排别墅,花园洋房",总价,总价,7,金山,枫泾,润兴路8弄1号-46号,416099
北外滩中心,60000,121.51401820316002,31.257051836785998,2014-06-14,,均价,均价,1,虹口,北外滩,东大名路1050号（近公平路）,425535
上海进口商品展示贸易中心,40000,121.769814,31.078746000000002,2016-01-01,,均价,均价,0,浦东,惠南,川南奉公路5959弄,414278
奉贤宝龙城市广场,22500,121.46908674455,30.936387021047,2014-06-30,,均价,均价,0,奉贤,南桥,环城东路732弄,415210
金山红星国际广场商铺,25000,121.351248,30.755107000000002,2015-05-31,,均价,均价,0,金山,金山新城,杭州湾大道1818弄,389759
嘉兴万达广场,18000,120.72472900000001,30.758614,2013-12-15,,均价,均价,0,上海周边,嘉兴,龙凤路,426748
临港宝龙城市广场,30000,121.821973,30.913154,2015-11-20,,均价,均价,0,浦东,临港新城,鸿音路3155弄,414276
尚都里,36000,121.06274831953002,31.116698874579,2016-09-03,,均价,均价,0,青浦,朱家角,新风路210弄、240弄、258弄、268弄、288弄,417880
青浦绿地中心,28000,121.13137708811001,31.165049157747003,2016-12-07,,均价,均价,0,青浦,青浦新城,华纺路299弄,424407
保利翡丽公馆翡丽星街,40000,121.26634787446999,31.121270012012,2015-10-10,,均价,均价,0,松江,泗泾,泗宝路75号,432073
嘉定宝龙广场,50000,121.267699,31.351114000000003,2016-09-24,,均价,均价,0,嘉定,嘉定新城,阿克苏路1077、1097号,251912
七宝宝龙城,36000,121.36171100000001,31.162984,2015-03-28,,均价,均价,0,闵行,七宝,漕宝路3207号（新镇路口）,413272
中惠金钻天地商铺,25000,121.67822543796999,31.293500196962,2016-10-15,,均价,均价,0,浦东,曹路,海鹏路218号,415693
宝山宝龙广场,35000,121.36525790869,31.394659168897,2015-06-30,,均价,均价,0,宝山,罗店,杨南路2211号,415140
华谊逸品澜湾,46000,121.309021,31.31287,2018-01-11,高层,均价,均价,7,嘉定,南翔,德园路，近嘉程东路,416519
南通恒大悦珑湾,8500,121.02504677188,31.923987694776002,2018-01-28,"高层,花园洋房",均价,均价,6,上海周边,其他,南通通州区锡通科技产业园枫杨路与枫香路交汇处,429966
中金海棠湾,23874,121.59824499999999,31.10602,2017-12-06,"联排别墅,多层,高层",总价,总价,14,浦东,周康,沈梅东路300弄，周东南路599弄,247768
国贸天悦,42000,121.226351,31.132221,2017-11-20,小高层,均价,均价,14,松江,佘山,勋业东路188弄，马尾山路179弄,389887
中南正荣海上明悦,13800,121.18978424189,30.725760719147,2018-03-10,小高层,均价,均价,3,上海周边,嘉兴,平湖市新仓镇建新路东南侧、风雷河西侧,430491
新城尚品,33000,121.32216000000001,31.069381,2016-12-31,高层,均价,均价,6,松江,新桥,新中街188弄,411811
融创日月湾,28000,110.21613816308998,18.617533311645,2017-12-03,"叠加别墅,多层,高层,花园洋房",均价,均价,6,上海周边,其他,海南万宁日月湾旅游度假区,433912
中环国际公寓三期,54000,121.430728,31.339546000000002,2017-08-29,"小高层,高层,花园洋房",均价,均价,17,宝山,通河新村,场北路669弄,237267
聚米喆园,10000,120.81183560582,30.897728861066,2017-12-16,高层,均价,均价,2,上海周边,嘉善,天凝镇东方路与天凝大道交汇处,434656
万科翡翠滨江,266666,121.548222,31.254064,2015-10-15,"多层,小高层,高层",总价,总价,10,浦东,洋泾,滨江大道399弄，昌邑路1500号,250372
湖庭庄园,60000,121.030499,31.133257,2010-03-28,独栋别墅,均价,均价,17,青浦,朱家角,绿湖路999弄,210038
嘉兴中南君悦府,13000,121.104549,30.621378000000004,2017-07-30,"多层,小高层,高层",均价,均价,5,上海周边,嘉兴,外环东路,416044
东海御庭,48101,121.779793,31.211321,2016-08-30,"独栋别墅,联排别墅",总价,总价,5,浦东,川沙,华夏东路5888弄,237685
复地浦江中心,18000,121.524423,31.082056,2015-06-12,,均价,均价,3,闵行,浦江,联航路1505弄1-5号等,298335
尚景丽园,40000,121.579921,31.126842,2017-07-14,"小高层,花园洋房",均价,均价,5,浦东,周康,康桥镇梓营路155弄,418355
艺泰一品花园,30000,121.73661499999999,31.05542,2017-10-01,"多层,小高层",均价,均价,4,浦东,惠南,人民西路1533弄,248609
绿城乌镇雅园,24000,120.51953200000001,30.729359000000002,2017-09-30,"多层,小高层",均价,均价,11,上海周边,嘉兴,浦建路1463号,249104
金臣别墅,120930,121.278352,31.210881,2014-11-08,独栋别墅,总价,总价,5,闵行,华漕,金光路801弄,249885
紫都上海晶园,78125,121.19971000000001,31.114320000000003,2010-05-08,独栋别墅,总价,总价,10,松江,佘山,佘北公路389弄,221191
融信绿地国际,35000,121.286185,31.21578,2015-07-08,,均价,均价,3,闵行,华漕,盘阳路59弄,389777
翡翠公馆,14000,120.94451154709999,30.875053028298996,2017-11-18,花园洋房,均价,均价,4,上海周边,嘉善,320国道与申友路交汇处,434427
虹桥富力中心,14000,121.32268400000001,31.213446,2015-11-01,,总价,总价,0,闵行,华漕,申虹路958弄,415307
上置名人天地,45000,121.376972,31.407491999999998,2011-12-25,,均价,均价,2,宝山,罗店,美兰湖路8弄,426111
大豪山林别墅,84210,121.26533300000001,31.17462,2010-04-20,独栋别墅,总价,总价,4,青浦,徐泾,盈港东路2588弄,220547
汤臣一品,195852,121.508381,31.238608000000003,2009-06-22,"高层,超高层",总价,总价,7,浦东,陆家嘴滨江,花园石桥路28弄,220254
白金湾府邸,180000,121.51313400000001,31.256187,2009-09-17,"高层,超高层",均价,均价,5,虹口,北外滩,海平路18号,210637
恒大佘山首府,37000,121.22586899999999,31.134892999999998,2015-04-25,"叠加别墅,多层,高层,花园洋房",均价,均价,12,松江,佘山,勋业东路300弄,252727
中海紫御别墅,140000,121.387553,31.232991,2016-03-30,"独栋别墅,联排别墅,双拼别墅",均价,均价,2,普陀,长风,同普路689弄,245402
保利天鹅语,39215,121.24632199999999,31.355696999999996,2013-08-30,联排别墅,总价,总价,2,嘉定,嘉定新城,洪德路1380弄,246399
品尊国际公寓,100000,121.426022,31.264001,2016-09-02,高层,均价,均价,4,普陀,真如,铜川路58弄,189875
虹桥·正荣府,60000,121.28523999999999,31.164182,2017-04-01,"双拼别墅,叠加别墅,多层,小高层,花园洋房",均价,均价,7,青浦,徐泾,徐和路165弄，联民路100弄,252799
荣信·虹桥世嘉,70000,121.40029799999999,31.179601,2016-03-26,"多层,高层",均价,均价,7,闵行,金虹桥,虹梅路2159弄,389701
大发融悦,40000,121.092693,31.141872999999997,2017-04-26,"多层,小高层,花园洋房",均价,均价,11,青浦,青浦新城,朱家角路158弄,252871
佳兆业城市广场,30000,121.281019,31.411469,2016-10-01,"多层,高层,花园洋房",均价,均价,5,嘉定,嘉定镇,顺宁路501弄，启宁路421弄,250263
世茂佘山里,63636,121.181614,31.102728999999997,2013-11-20,"联排别墅,双拼别墅",总价,总价,4,松江,佘山,千新公路718弄,248770
古北香堤艺墅,42354,121.048795,31.115831,2015-08-11,联排别墅,总价,总价,9,青浦,朱家角,沙淀中路77弄,248532
嘉宝梦之缘景庭,43000,121.254951,31.343306,2016-08-26,"多层,小高层,高层,花园洋房",均价,均价,13,嘉定,嘉定新城,云屏路1051号,400671
绿地黄浦滨江,586206,121.488469,31.202322,2016-06-18,小高层,总价,总价,2,黄浦,黄浦滨江,蒙自路778号,400706
徐汇万科中心,60000,121.43873855773998,31.163860438576002,2015-04-04,标准写字楼,均价,均价,3,徐汇,上海南站,南宁路1000号,389760
御涛园,90361,121.358571,31.05067,2012-04-09,独栋别墅,总价,总价,4,闵行,马桥,茜昆路518弄,230223
万顺水原墅,60000,121.424742,31.04904,2013-07-01,"独栋别墅,联排别墅",均价,均价,14,闵行,颛桥,都市路777弄,218826
览海国际高尔夫社区,31359,121.82715400000001,31.467391999999997,2009-12-30,"独栋别墅,联排别墅,双拼别墅",总价,总价,7,崇明,陈家镇,揽海路33弄，揽海路55弄,230186
金臣汇,102325,121.278972,31.209764,2016-05-08,"独栋别墅,小高层",总价,总价,4,闵行,华漕,金杰路5弄,389666
新江湾城首府别墅,92105,121.523872,31.339661,2013-08-30,"联排别墅,双拼别墅,叠加别墅",总价,总价,5,杨浦,新江湾城,国秀路88弄,246800
金球怡云花园,65217,121.29164175217,31.213021684724,2011-05-21,联排别墅,总价,总价,4,闵行,华漕,运乐路288弄,217965
保亿风景水岸,27960,121.81973700000002,31.471234000000003,2015-05-10,"独栋别墅,联排别墅,双拼别墅",总价,总价,9,崇明,陈家镇,揽海路169弄,215348
华府樟园,95000,121.42059099999999,31.231556,2012-06-16,"小高层,高层",均价,均价,5,长宁,中山公园,凯旋北路1555弄60-74号,225164
碧桂园天琴雅苑,13000,121.10919507950001,31.648272027946,,高层,均价,均价,1,上海周边,太仓,璜泾镇陆璜公路南与新城路西交汇处,434189
嘉善万联花园,16500,120.92823436556002,30.824316025625,,高层,均价,均价,2,上海周边,嘉善,车站南路白水塘路交汇处,434372
嘉里不夜城,30000,121.46340982254999,31.25082956967,2010-06-28,,均价,均价,2,静安,上海火车站,天目西路218号,424441
万业·一番空间,80000,121.44438799999999,31.26018,2016-09-18,,均价,均价,5,普陀,光新,远景路662号,414290
嘉业海悦,21300,121.53991699999999,30.828888,2015-07-23,"独栋别墅,小高层",均价,均价,5,奉贤,海湾,海马路2155弄,228603
碧盈苑,45128,121.71641372618,31.051954447940002,2010-10-31,"独栋别墅,双拼别墅",总价,总价,4,浦东,惠南,南六公路99弄20支弄159号,201618
虹桥协信中心,60000,121.32148500000001,31.207392,2014-08-01,,均价,均价,1,闵行,华漕,申虹路663号,413252
汇京国际广场,66000,121.42985900000001,31.202056,2012-10-24,,均价,均价,1,徐汇,徐家汇,虹桥路777号,413255
方舟苑,35000,121.283943,31.395540999999998,2016-01-16,高层,均价,均价,2,嘉定,嘉定新城,澄浏中路3298弄,418807
保利艾庐,43423,121.64824899999999,31.10417,2017-10-26,"叠加别墅,高层",均价,均价,10,浦东,周康,蓝靛路1688弄,252940
棕榈滩高尔夫别墅,29853,121.55276599999999,30.833921000000004,2013-03-15,独栋别墅,总价,总价,10,奉贤,海湾,海马路3499弄，海马路4199弄,221215
佘山东紫园,85365,121.218621,31.095839,2017-04-30,独栋别墅,总价,总价,5,松江,佘山,林叶路189弄,82394
合生广富汇,55000,121.20152,31.072558,2018-01-16,"联排别墅,花园洋房",均价,均价,5,松江,松江新城,银泽路3188弄,250798
临港首府,26955,121.912322,30.906097999999997,2018-06-01,"独栋别墅,联排别墅,叠加别墅,多层,小高层",总价,总价,5,浦东,临港新城,竹柏路503弄,400955
新城金樾,11000,120.97973,30.681154,2018-01-27,"多层,小高层,高层",均价,均价,5,上海周边,嘉兴,平湖市金平湖大道与九场线交汇处（曹桥街道办事处对面）,434852
象屿都城,23000,121.078346,31.297219000000002,2017-12-02,高层,均价,均价,7,花桥,花桥,金中路188号,86758
欣悦华庭,22000,121.736005,30.946763,2017-07-08,"多层,小高层,高层",均价,均价,5,奉贤,奉城,新四平公路2378弄,417687
中交四季美庐,18000,120.90860322007,30.820699573846003,2018-02-18,"联排别墅,高层,花园洋房",均价,均价,3,上海周边,嘉善,北至是世纪大道，西侧与孔雀城隔河相望，南至白水塘路，东至汇丰家园,426459
浦江坤庭,60000,121.49424099999999,31.098625,2016-09-29,小高层,均价,均价,9,闵行,浦江,浦秀路1385弄,246228
万业观山泓郡,13000,120.453769,31.604446999999997,2017-10-28,"联排别墅,小高层,高层,花园洋房",均价,均价,3,上海周边,无锡,东翔路1509号,414149
佘山玺樾,51000,121.19800463042,31.072227646434,2018-07-01,"联排别墅,叠加别墅",均价,均价,16,松江,松江新城,灵竹路99弄,244601
阳光城·海悦府,11000,121.62152699517999,31.81370202133,2017-12-10,"联排别墅,高层",均价,均价,4,上海周边,启东,华石路与通江路交汇处,430412
紫樱阁,39800,121.12905043808,31.181367841841997,2018-01-08,小高层,均价,均价,3,青浦,青浦新城,崧泽大道9188弄,433945
蓝湖湾,17000,121.435603,31.799985999999997,2018-07-30,"联排别墅,双拼别墅,多层,小高层",均价,均价,8,上海周边,启东,通江路100号,246672
合生海景1号,29000,121.359353,30.731734000000003,2017-04-29,高层,均价,均价,6,金山,金山新城,龙胜路67号,244639
静安府（东区）,144067,121.451022,31.298576,2016-10-28,叠加别墅,总价,总价,7,静安,大宁绿地,平陆路999弄,414856
中鹰黑森林,120000,121.415654,31.275512,2014-09-30,"小高层,高层",均价,均价,18,普陀,万里,新村路1717弄,189908
长泰西郊别墅,55710,121.29508200000001,31.096565000000002,2015-10-25,独栋别墅,总价,总价,14,松江,洞泾,泗砖南路1500弄,221148
上实海上公元,44000,121.275228,31.350158,2017-01-14,"小高层,高层",均价,均价,4,嘉定,嘉定新城,希望路260弄,412234
锦秋御尚,144444,121.39040800000001,31.331473,2016-04-30,"联排别墅,多层,小高层",总价,总价,11,宝山,上大,锦秋路695弄,220578
保利天琴宇,35000,121.27095,31.364281,2016-04-02,高层,均价,均价,9,嘉定,嘉定新城,远香湖路600弄,251689
源昌幸福里,42000,121.16292717073,31.164278134202,2016-10-16,高层,均价,均价,7,青浦,青浦新城,华科东路38弄,406102
华润中央公园,50000,121.31971200000001,31.320140000000002,2016-05-21,小高层,均价,均价,12,嘉定,南翔,浩翔路98弄,237244
毕加索花园小镇,21000,121.303372,30.806046000000002,2014-10-18,"多层,小高层",均价,均价,7,金山,金山新城,康德路,249968
新城海上风华,17500,120.92632477135,30.826689082326002,2017-05-21,"小高层,高层",均价,均价,4,上海周边,嘉善,世纪大道和车站南路的交叉口,416043
御品园林,44000,121.272815,31.157272999999996,2014-09-26,独栋别墅,总价,总价,5,青浦,徐泾,徐南路1188弄,233622
尼德兰花园,60000,121.58918,31.34113,2016-03-29,"独栋别墅,叠加别墅,多层,小高层",均价,均价,18,浦东,外高桥,莱阳路3988弄1-32号,245544
佘山月湖山庄,55762,121.232216,31.107623999999998,2011-06-11,独栋别墅,总价,总价,8,松江,佘山,林荫新路255弄,237688
合生东郊别墅,192850,121.60691399999999,31.229204,2009-05-15,独栋别墅,总价,总价,4,浦东,张江,翠柏路919弄、699弄,239219
中铁诺德国际中心,50000,121.369426,31.128422999999998,2015-12-19,,均价,均价,9,闵行,莘庄,秀文路908号,400880
嘉宝前滩后院,90000,121.519255,31.160784000000003,2016-07-28,"双拼别墅,叠加别墅",均价,均价,3,浦东,三林,云台路1101弄,413813
安澜西郊,91656,121.299656,31.161011,2015-09-20,独栋别墅,总价,总价,7,青浦,徐泾,徐南路678弄,252805
大华伊斐墅,223300,121.532578,31.178472999999997,2016-10-08,"独栋别墅,联排别墅,小高层,花园洋房",总价,总价,3,浦东,花木,华鹏路390弄,389723
浦江智谷商务园,13000,121.53008999999999,31.086862,2007-08-18,,均价,均价,1,闵行,浦江,浦江镇联航路1188号,413271
融创•海上桃源,17000,121.61568069588999,31.588528846725,2017-10-01,"叠加别墅,花园洋房",均价,均价,1,崇明,崇明新城,崇明岛江申二路北首（与沿江路交叉口）,432893
绿地双创中心,36000,121.51160389325001,31.319813498562997,2016-05-28,,均价,均价,1,杨浦,新江湾城,国霞路258（号）,424083
锦汇华庭,28000,121.16282700000001,30.895813,2012-03-18,"多层,小高层,高层",均价,均价,3,金山,朱泾,众安街1088弄,247551
祥生玖熙花苑,14000,120.76316100000001,30.716403000000003,2017-10-31,"高层,花园洋房",均价,均价,7,上海周边,嘉兴,新气象路,426744
旭辉铂悦西郊,214285,121.191604,31.264619,2017-04-02,独栋别墅,总价,总价,4,嘉定,安亭,博园路6155弄,236986
绿城·黄浦湾,265151,121.51074998247,31.223404018985,2016-04-27,高层,总价,总价,10,黄浦,董家渡,中山南路566弄 近王家码头路,200918
同润Golf街区,37946,121.322515,31.013324,2017-01-13,"独栋别墅,联排别墅,多层",总价,总价,11,松江,车墩,影佳路123弄,237523
景源名墅,32608,121.42516299999998,30.913383000000003,2014-11-14,"联排别墅,双拼别墅",总价,总价,4,奉贤,南桥,钜庭路333弄,236983
新湖·青蓝国际,100000,121.480347,31.268829999999998,2015-04-24,高层,均价,均价,4,静安,西藏北路,东宝兴路，近青云路,245922
绿洲香格丽花园,48128,121.289452,31.427721999999996,2013-09-28,"联排别墅,叠加别墅",总价,总价,3,嘉定,嘉定新城,启悦路358弄,237682
融信铂湾,41500,121.239337,31.143984999999997,2016-03-30,"叠加别墅,小高层",总价,总价,4,青浦,赵巷,置鼎路889弄,250841
创融嘉天地,40000,121.26008149816002,31.348202891762,2016-03-11,,均价,均价,0,嘉定,嘉定新城,伊宁路合作路,252085
佘山东郡,45000,121.24540094538,31.109388268758,2017-05-12,独栋别墅,均价,均价,6,松江,佘山,古楼公路1269弄(近嘉松南路),221220
淡水湾花园二期,370370,121.481526,31.217253999999997,2015-10-23,小高层,总价,总价,9,黄浦,打浦桥,马当路530号,400622
御龙锦园,23000,121.361038,30.76564,2016-09-30,高层,均价,均价,7,金山,金山新城,海丰路128号,246862
云澜湾温泉国际,16000,120.984242,30.819913,2016-10-31,叠加别墅,均价,均价,0,上海周边,嘉善,大云云澜路888号,246953
中建锦绣天地,90000,121.29228032902999,31.19019649175,2017-03-15,,均价,均价,4,青浦,徐泾,蟠中东路1899,416560
远洋鸿郡,98901,121.372972,31.404983,2015-10-17,"独栋别墅,联排别墅",总价,总价,5,宝山,罗店,抚远路699弄,252974
优山美地,16000,121.24669499999999,30.839438,2016-05-14,"独栋别墅,多层",均价,均价,8,金山,金山中部,红光路368弄,400685
阜兴世纪公馆,80000,121.536121,31.230707000000002,2016-11-20,高层,均价,均价,4,浦东,塘桥,向城路29号,415027
盛世御珑湾,80000,121.52366699999999,31.324603000000003,2017-04-30,"小高层,高层",均价,均价,9,杨浦,中原,闸殷路889弄,223235
同济创园,28000,121.49774199999999,31.339032,2018-03-31,,均价,均价,0,宝山,淞南,淞良路10号,411753
华山夏都苑,130000,121.43754399999999,31.2134,2016-04-27,高层,均价,均价,2,长宁,其他,幸福路211弄,423084
硅谷商墅,30000,121.66893547931002,31.034190034899996,2012-08-01,,均价,均价,0,浦东,新场,杨辉路800弄,413242
锦绣佳苑,12000,120.94971332946999,30.908500785546998,2017-11-01,高层,均价,均价,1,上海周边,嘉善,姚庄镇姚庄村洪福路南侧,434388
领第漫生活国际商铺,40000,121.28889197908998,31.175726586402998,2015-04-11,,均价,均价,0,青浦,徐泾,沪青平公路1818号,252609
海珀世家,32618,121.30201100000001,31.096288,2018-02-03,独栋别墅,均价,均价,1,松江,洞泾,新农河路398弄,252252
仁恒西郊花园,60000,121.26472700000001,31.187521999999998,2018-01-01,高层,均价,均价,7,青浦,徐泾,徐盈路1188弄,251331
盘古园府,39000,121.25046234062,31.344089361115,2018-03-02,高层,均价,均价,2,嘉定,嘉定新城,崇信路77弄,418008
同济融创玫瑰公馆,69000,121.405138,31.165382,2018-03-12,小高层,均价,均价,5,闵行,古美罗阳,漕宝路1158弄,253086
淮海名邸,130000,121.4316,31.207268,2016-06-13,多层,均价,均价,9,长宁,虹桥路,安顺路,252941
凤凰城,50000,121.42287900000001,31.025961,2018-12-01,小高层,均价,均价,8,闵行,江川路,景谷中路58弄,249123
佘山一品,33043,121.18166200000002,31.105915999999997,2016-08-27,"联排别墅,叠加别墅",总价,总价,5,松江,佘山,桃源路518弄,252962
国瑞·瀛台,27000,121.495819,31.764879999999998,2017-12-02,"联排别墅,花园洋房",均价,均价,8,上海周边,启东,永兴中路,418326
静安康鑫家园,87000,121.45129216632,31.243958170644998,2018-02-24,"小高层,高层",均价,均价,1,静安,其他,海防路58弄,434971
绿波景园,36000,121.27781999999999,31.113698,2018-12-31,"多层,小高层",均价,均价,5,松江,泗泾,沪松公路2972弄,202638
绿洲华亭茗苑,25000,121.250752,31.471586,2016-09-28,"联排别墅,多层,高层",均价,均价,4,嘉定,嘉定镇,高竹路501弄,400871
恒盛尚海湾二期,150000,121.46759499999999,31.185467,2016-12-25,"小高层,高层",均价,均价,16,徐汇,龙华,凯滨路18弄,189944
招商花园城,45000,121.45351200000002,31.374553999999996,2017-10-30,,均价,均价,3,宝山,杨行,水产路2199弄（近杨泰路）,413896
泰禾金尊府,28000,120.70700938312001,31.256315467412,2017-10-31,高层,均价,均价,1,上海周边,其他,苏州市东方大道与郭新东路交汇处,430935
恒文星尚湾,42000,121.23628300000001,31.229545,2016-03-25,"多层,小高层",均价,均价,10,青浦,华新镇,新凤中路899弄,246599
崇明·三湘森林海尚,31000,121.84033400000001,31.464170000000003,2016-05-28,"联排别墅,双拼别墅",均价,均价,8,崇明,崇明其他,揽海路2500弄,401055
万科虹桥云,45000,121.34225,31.157322999999998,2016-12-08,"标准写字楼,企业独栋",均价,均价,7,闵行,七宝,新龙路1333弄25号,250202
华润佘山九里二期,43000,121.20036100000002,31.161443,2016-10-01,"叠加别墅,多层",均价,均价,5,松江,泗泾,古楼公路659弄,409295
西郊庄园马德里洋房,70000,121.28935800000001,31.204177,2014-02-20,小高层,均价,均价,3,闵行,华漕,金丰路588弄,249038
湖山香颂湾,31000,121.343883,30.754803999999996,2016-09-30,"小高层,高层",均价,均价,5,金山,金山新城,龙轩路999弄，龙轩路869弄,252939
虹桥正荣中心,47000,121.32311399999999,31.208014000000002,2015-08-26,,均价,均价,7,闵行,华漕,申虹路666弄8号楼(申贵路兴虹路),253202
信义嘉庭,40000,121.280478,31.377990999999998,2016-10-06,高层,均价,均价,8,嘉定,嘉定镇,翁家宅路89弄，复华路28弄,251963
颐湾丽庭,34246,121.042203,31.121396999999998,2015-01-31,联排别墅,总价,总价,7,青浦,朱家角,绿舟路118弄,252688
绿地虹桥世界中心,2857142,121.31046299999998,31.191171999999998,2016-07-23,,总价,总价,3,青浦,徐泾,诸光路1588弄青浦（国家会展中心南区）,413250
御湖别墅,51111,121.248341,31.158259,2015-11-06,独栋别墅,总价,总价,9,青浦,赵巷,青平公路2558弄,237192
花园里,43000,121.268051,31.349836,2016-08-27,高层,均价,均价,3,嘉定,嘉定新城,德富路900弄,240822
万源城御璄,90000,121.39953500000001,31.155483,2016-05-05,高层,均价,均价,7,闵行,古美罗阳,古龙路666弄,252111
华洲君庭,215384,121.61148,31.229605,2008-09-29,独栋别墅,总价,总价,6,浦东,张江,银柳路385弄,219849
东方现代悦享城,22000,121.58838999999999,30.933154,2017-04-08,,均价,均价,3,奉贤,海湾,人民路239弄98号等,417948
嘉天下休闲广场,50000,121.32524593068999,31.296359312202,2010-04-30,,均价,均价,3,嘉定,南翔,沪宜公路91号,410619
东郊壹号,372277,121.606699,31.227787,2010-07-18,独栋别墅,总价,总价,6,浦东,张江,银柳路58弄,237659
滨江·万家花城,13800,121.011847,30.682726000000002,2017-07-22,"独栋别墅,联排别墅,双拼别墅,高层",均价,均价,2,上海周边,嘉兴,平湖主城区，梅园路与胜利路交叉口,416600
东方鸿璟,36000,121.76718100000001,31.106412,2014-06-29,"联排别墅,多层,小高层",均价,均价,7,浦东,祝桥,卫亭路999弄，航亭环路399弄,247763
新华联国际中心,5312500,121.314777,31.20755,2016-04-05,,总价,总价,1,闵行,华漕,泰虹路456弄（近申滨路）,413298
万科翡翠公园商铺,115857,121.61566245838002,31.184700559265,2017-09-19,,总价,总价,12,浦东,张江,荣科路277弄（近百业路）,430810
合悦·江南,16000,120.572686,30.545333000000003,2017-07-29,"双拼别墅,多层",均价,均价,14,上海周边,嘉兴,悦容路,251284
绿地海珀佘山,59259,121.18094199999999,31.094545,2016-10-24,"独栋别墅,联排别墅,叠加别墅,多层",总价,总价,7,松江,佘山,九江公路159弄,389825
绿地海珀风华,45300,121.241256,31.139721,2015-09-10,"独栋别墅,联排别墅,叠加别墅",均价,均价,7,青浦,赵巷,业煌路128弄,252605
金山联东U谷,6500,121.32091499999999,30.842340999999998,2012-06-01,,均价,均价,2,金山,朱泾,夏宁路818弄62号,413260
中梁秀湖壹号院,12000,120.68540300000001,30.779915999999997,2017-01-07,"多层,小高层,高层",均价,均价,2,上海周边,嘉兴,秀洲区秀园路与东升西路交叉口,426859
鹏欣一品漫城四五期商铺,50000,121.494565,31.119756,2012-09-01,,均价,均价,3,闵行,浦江,芦恒路378弄,410728
润冠产业园,20000,121.17258236597,31.170809147068,2016-01-01,,均价,均价,1,青浦,青浦新城,崧复路777号,415447
远洋•丽兹堡,73375,121.37246699999999,31.407028000000004,2011-11-21,独栋别墅,总价,总价,4,宝山,罗店,抚远路885弄,241032
东郊罗兰别墅,130000,121.61363100000001,31.230453000000004,2016-09-01,独栋别墅,均价,均价,4,浦东,张江,金港路2280弄,253087
鹏欣一品漫城四期壹品别墅,62000,121.49520700000001,31.120846999999998,2014-04-12,"联排别墅,小高层",均价,均价,3,闵行,浦江,芦恒路378弄,240501
金大元御珑宫廷,77777,121.656415,31.208326,2016-05-01,"联排别墅,小高层",总价,总价,3,浦东,唐镇,唐丰路881弄,248351
中洲君廷,150000,121.46057900000001,31.186730999999998,2016-04-23,小高层,总价,总价,4,徐汇,龙华,宛平南路1188弄,249277
华侨城苏河湾塔尖住宅,190000,121.488069,31.248287,2016-05-01,高层,均价,均价,17,静安,西藏北路,山西北路88弄,245918
晶苑四季御庭(四期),61221,121.343503,31.083965000000003,2015-09-26,"独栋别墅,联排别墅,双拼别墅",总价,总价,6,松江,新桥,明华路888弄,235574
复地御西郊,100000,121.36545100000001,31.205555,2015-08-30,多层,均价,均价,7,长宁,虹桥路,金浜路188弄,246500
大宁·揽翠艺墅,115000,121.46541599999999,31.296511,2015-12-01,"独栋别墅,联排别墅,叠加别墅",均价,均价,2,静安,大宁绿地,广延路1099弄,218816
明天华城,53000,121.58748500000002,31.107109,2016-08-13,高层,均价,均价,6,浦东,周康,康沈路2262弄，周星路500弄,193094
申亚花满庭,37500,121.56058038052,30.989112283716,2011-09-17,"联排别墅,双拼别墅,多层,高层",均价,均价,12,奉贤,金汇,航南公路1981弄8号,237693
经纬·学士逸居家园,50000,121.41146699999999,31.330621999999998,2016-09-28,"多层,小高层",均价,均价,7,宝山,上大,纬地路99弄,205003
融科托斯卡纳庄园,16000,121.42489599999999,31.804122999999997,2011-07-14,"联排别墅,双拼别墅",均价,均价,6,上海周边,启东,沙南西路1100号,237713
同润蓝美俊庭,37500,121.753193,30.967571000000003,,"叠加别墅,高层",总价,总价,5,浦东,惠南,南芦公路989弄,249106
恒大御景湾,48000,121.286501,31.324498,2016-04-02,"多层,高层,花园洋房",均价,均价,10,嘉定,马陆,育英南街55弄,383842
绿地中心二期,70000,121.46426706109,31.190345008355,2013-06-22,,均价,均价,2,徐汇,龙华,东安路562号,250093
海伦广场,35000,121.26635880949,31.328456984707,2015-04-25,,均价,均价,0,嘉定,马陆,崇文路1851弄,252334
森林里,24000,119.76993054549999,49.218031411674005,2015-09-09,,均价,均价,0,崇明,崇明新城,建设镇秀水路77弄,426206
尚海郦景名苑,210526,121.54210800000001,31.246285999999998,2016-09-03,"叠加别墅,高层",总价,总价,8,浦东,洋泾,桃林路299弄,253112
上海青浦万达茂商铺,40000,121.08920781831002,31.140114968076,2018-02-20,,均价,均价,0,青浦,青浦新城,淀山湖大道851号,432935
北创匯公館,40000,121.583036,31.184694,2017-12-15,,总价,总价,0,浦东,北蔡,五星路883号,401159
中展璞荟,64000,121.24718541545,31.063286874562003,2018-01-01,,均价,均价,0,松江,松江新城,广富林路798弄,400612
乔爱庄园,35792,121.351744,31.088057,2009-10-16,独栋别墅,总价,总价,2,松江,新桥,明中路666弄,220532
碧桂园云谷,9000,120.963523,31.938144,2017-10-31,,均价,均价,0,上海周边,其他,通盛大道，近宏兴路,432885
百润时代,35000,121.930221,30.903357,2013-08-17,标准写字楼,均价,均价,0,浦东,临港新城,申港大道133号（申港大道和山兰路交汇处）,413228
鹏欣一品漫城三期浅山别墅,77966,121.500234,31.122571,2012-03-01,联排别墅,总价,总价,2,闵行,浦江,浦星公路568弄,419207
华泰中心,32000,121.32659,31.244131,2016-10-03,,均价,均价,0,嘉定,江桥,金运路355号（金运路与鹤旋路交汇处 ）,400602
蓝堡公馆商铺,29000,121.36096249519,30.737804171182,2011-12-01,,均价,均价,0,金山,金山新城,卫清东路2961号,410667
光明嘉域生活中心,27000,121.27063524786001,31.353911237759995,2016-08-27,,均价,均价,0,嘉定,嘉定新城,天祝路377弄,425177
上海名流国际商业街,45000,121.71868130898001,31.04967556297,2017-08-01,,均价,均价,0,浦东,惠南,南六公路99弄2号,418797
汇金兰庭,12000,120.89620796143998,30.946134109025998,2017-03-01,多层,均价,均价,1,上海周边,嘉善,嘉善西塘古镇西园路319号,434382
印象钢谷,12000,121.3603089808,31.463577512464,2009-11-18,,总价,总价,0,宝山,罗泾,潘泾路4333号（靠近金石路）,420146
金领国际商铺,55000,121.63692531427,31.248831038309003,2017-04-25,,均价,均价,0,浦东,唐镇,浦东锦绣东路5111弄（近川沙路）,432061
上海两港装饰城,20000,121.71698899999998,31.082340999999996,2017-06-30,,均价,均价,0,浦东,惠南,南六公路675、725、775号,410760
咸塘商业步行街,30000,121.603144,31.043134999999996,2008-12-19,,均价,均价,0,浦东,航头,沪南路5469弄,420247
天星花苑商铺,10000,120.81085205234,30.899998286368998,2011-03-25,,均价,均价,0,上海周边,嘉善,天凝镇凝溪东路51号,434594
连城1号,45000,121.437794,30.995516,2013-01-01,,均价,均价,0,奉贤,西渡,沪杭公路228弄,421440
苏宁天御国际广场,90000,121.386301,31.228064,2013-07-06,,均价,均价,0,普陀,长风,丹巴路99号(近云岭东路),413291
复旦软件园·智慧新天地,43000,121.55003520821998,31.282304699982,2013-05-19,,均价,均价,0,杨浦,东外滩,隆昌路590、592号,424479
骏丰国际财富广场,55000,121.50833,31.279513,2008-09-19,,均价,均价,0,虹口,北外滩,大连路1599号,412224
新角里,20000,121.06420200000001,31.115469,2014-06-30,,均价,均价,0,青浦,朱家角,祥凝浜路468-530号,410858
平高世贸中心,31000,121.2421988167,31.012303038934,2014-09-30,,均价,均价,0,松江,松江老城,中山中路79弄9号,424122
山鑫城市广场,16800,121.35269690583999,30.735404147095,2007-11-02,,均价,均价,0,金山,金山新城,卫清西路139-149号,413274
韩村路商业街,30000,121.46917190091999,30.946524281261002,2011-11-10,,均价,均价,0,奉贤,南桥,韩村路498号,432260
东张江1号,30000,121.733672,31.240717999999998,2015-12-01,,均价,均价,0,浦东,川沙,环庆中路389、399号,410934
总部1号,23000,121.426502,31.080251,2007-01-24,,均价,均价,0,闵行,颛桥,都会路2338号（靠近颛兴路）,413322
嘉一智汇,16000,121.180543,31.153727000000003,2014-03-31,,均价,均价,0,青浦,青浦新城,沪青平公路3938号,401224
国信世纪海景,1010101,121.52028700000001,31.217846999999995,2011-05-28,高层,总价,总价,3,浦东,塘桥,浦明路1288弄,239896
禹洲城市广场,20000,121.87424986851002,30.981508969963002,2017-09-30,,均价,均价,0,浦东,临港新城,首善街759弄,415321
世宏•金源中心,40000,121.36769855306999,31.128637488358002,2016-07-05,,均价,均价,1,闵行,莘庄,园文路28号,252427
上海佳程广场,39000,121.46199474094,31.310995225583,2016-06-20,,均价,均价,0,静安,彭浦新村,场中路1518号（近岭南路）,413278
悦立方商业广场,38000,121.35670019389,30.757538466063,2015-12-12,,均价,均价,0,金山,金山中部,龙翔路436弄、海芙路186弄等,423818
旭辉浦江国际,38000,121.52073347407,31.083494656396,2012-09-26,,总价,总价,0,闵行,浦江,闵行区联航路1650号（近恒南路),422784
御景龙庭商铺,15000,121.33041036597,30.738558989827,2013-12-04,,均价,均价,0,金山,金山新城,学府路818弄（近金山大道）,432050
虹桥宝龙城商铺,25000,121.241227,31.236454,2015-03-01,,均价,均价,0,青浦,华新镇,新府中路华志路交叉口,389758
百联崇明商业广场,26000,121.42239599999999,31.631210999999997,2015-11-28,,均价,均价,0,崇明,崇明新城,城桥镇翠竹路2377号 （崇明大道鼓浪屿路交汇处）,252396
移动智地,15000,121.17982840741001,31.153416603948997,2014-03-31,,均价,均价,0,青浦,青浦新城,沪青平公路3938弄,250374
吉陆广场,40000,121.28287406487,31.327080330818,2017-06-01,,均价,均价,0,嘉定,马陆,崇教路19号,416858
名企公馆,12000,121.29151816449,31.074449118131,2015-12-12,,均价,均价,0,松江,新桥,泗砖南路255弄(卖新公路与泗砖南路交汇处),413268
绿地海岸城,27000,121.73449879231,31.233823588383004,2016-10-30,,均价,均价,0,浦东,唐镇,环庆南路336弄（近高科东路与庆利路路口）,424128
景瑞尚滨江,27000,121.52021951185,31.219437766683,2016-12-25,,总价,总价,0,浦东,塘桥,浦明路1288弄10号,426271
中凯曼荼园,128000,121.18021200000001,31.084473,2010-06-30,独栋别墅,均价,均价,22,松江,佘山,佘天昆公路333弄,236928
温莎庄园,128000,121.480877636,31.227550425262,2017-11-25,多层,总价,总价,0,上海周边,其他,英国大伦敦斯劳,431829
市北新中新,40000,121.46501,31.30247,2014-02-01,,均价,均价,0,静安,大宁绿地,寿阳路99弄,413289
理想未来中心商铺,20000,121.46441100000001,30.916355,2011-05-31,,均价,均价,0,奉贤,南桥,江海路388弄近南奉公路,426315
近铁城市广场,45000,121.38876025645,31.238516081599002,2013-12-28,,均价,均价,0,普陀,长风,普陀金沙江路1518弄2号（近真北路）,413262
东方慧谷,45000,121.29761676247,31.339070293595,2011-12-01,,总价,总价,0,嘉定,嘉定新城,宝安公路2999号,420639
当代万国府MOMA,80000,121.436278,31.017913,2016-12-25,,均价,均价,0,闵行,江川路,沧源路588弄,415775
中信广场,81800,121.49070528158,31.254129131167,2008-09-12,,均价,均价,0,虹口,北外滩,四川北路859号,410310
人生港湾南欧城商铺,12000,121.77548341716002,31.047439349815,2012-06-30,,均价,均价,0,浦东,惠南,惠南镇城南路918弄（靖海路与沪南公路交汇口）,418159
嘉誉国际广场,35000,121.51511599999999,31.33502,2014-03-29,,均价,均价,0,杨浦,新江湾城,淞沪路1660号（近殷行路）,413258
中国铁建青秀城商铺,33000,121.404881,31.367386,2016-06-30,,均价,均价,0,宝山,顾村,宝荻路500弄,412443
同济逸仙大厦,26000,121.49625400000001,31.300757,2012-05-25,,均价,均价,0,杨浦,五角场,逸仙路13-25（单）号,424429
瀛通绿地大厦,26000,121.47736654008001,31.198151285275998,2011-04-10,,总价,总价,0,黄浦,打浦桥,开平路88号(日晖东路555号),413307
长兴海洋科技港,8300,121.76041699999999,31.362744,2015-08-22,,均价,均价,0,崇明,长兴岛,江南大道1333号,423017
绿地小米公社商铺,27000,121.67150530509,30.917591441869,2015-08-22,,均价,均价,0,奉贤,奉城,兰博路1189弄,428596
西郊乐缤纷广场,36000,121.23867574673001,31.233788176052,2016-10-22,,均价,均价,0,青浦,华新镇,新府中路1399弄,415486
祥腾·东平森林1号,32000,121.479918,31.681362,2015-05-01,,均价,均价,0,崇明,崇明新城,建设镇20-014街道0009街坊（北沿公路与虹富路交汇处）,426234
万联城,20500,120.93407718032,30.824457753734002,2014-12-21,高层,均价,均价,0,上海周边,嘉善,世纪大道与嘉善大道交汇处,434649
浦纳美筑,10800,121.82264342846001,30.918126577684003,2016-08-01,,均价,均价,0,浦东,临港新城,南芦公路1738弄16号,428139
金色家园,16000,120.83327091966999,30.852640347885,2016-12-16,多层,均价,均价,0,上海周边,嘉善,杨庙大道与育才路的交汇处,434385
尚品华庭,38300,121.323742,31.213167,2018-01-15,,均价,均价,0,闵行,华漕,申虹路928弄,415422
中建大公馆,165600,121.52188868471,31.337431265993,2015-06-27,"独栋别墅,联排别墅,叠加别墅",均价,均价,4,杨浦,新江湾城,杨浦江湾城路899号（近国秀路），新江湾城政和路538弄1-230号,239927
步阳御江金都,36000,121.25038799999999,31.403347999999998,2015-11-15,"小高层,高层",均价,均价,5,嘉定,嘉定新城,嘉唐公路88弄,237695
华侨城苏河湾商铺,60000,121.486741,31.247584000000003,2013-09-16,,均价,均价,0,静安,上海火车站,苏州路912号,410588
璟储新和湾,17000,121.33711213132,31.456800147409,2015-04-18,,均价,均价,0,宝山,罗泾,沪太路8399弄,420845
光大安石中心,65000,121.521302,31.262409,,,均价,均价,0,杨浦,东外滩,霍山路398号（近大连路）,429601
海盐合景天峻,13000,120.94375900000001,30.547665999999996,2017-12-16,高层,均价,均价,0,上海周边,嘉兴,百尺北路，近华丰路,433572
银亿公园壹号,125000,121.55766799999999,31.216865999999996,2017-01-15,高层,均价,均价,4,浦东,花木,花木路826弄,414643
华东国际建材家居城,10000,120.91343,30.857088,2017-12-09,,均价,均价,0,上海周边,嘉善,景明路28号,431944
融易创客SOHO,8650,120.879364,30.828083000000003,2017-12-30,,均价,均价,0,上海周边,嘉善,嘉善县罗星街道厍浜村、归谷园区,434545
乐活天地,40000,121.12006783721,31.194977939821,2016-05-08,,均价,均价,0,青浦,青浦新城,振盈路79弄,424147
亿丰时代广场,130000,121.51387700000001,31.168676,2014-03-30,,均价,均价,0,浦东,三林,云台路766、768、772-800号等,415444
盛创企业天地,14000,121.28088121838002,31.407736292663998,2014-05-15,,均价,均价,0,嘉定,嘉定新城,嘉罗公路1661弄,420602
祥和王宫,85763,121.39266896382,31.288819571311002,2014-11-21,"独栋别墅,双拼别墅",总价,总价,4,普陀,真如,古浪路391弄,252953
绿地中央广场,39000,121.46047921355,31.305334490874,2013-12-20,,均价,均价,0,静安,彭浦新村,闸北江场路1377弄（江场路寿阳路路口）,413266
高桥红坊,39000,121.580956,31.353215999999996,2014-12-06,,总价,总价,0,浦东,外高桥,张杨北路5688弄等,410525
上海国际研发总部基地,22000,121.41548700000001,31.321528999999998,2012-12-01,,均价,均价,0,宝山,上大,沪太路2999号（近上大路）,413277
安信财富中心,18000,121.49480905665001,31.399546099682997,2014-04-01,,均价,均价,0,宝山,淞宝,牡丹江路1248号,431336
嘉善国际木雕城,18000,120.94180015845,30.884411027262,,,总价,总价,0,上海周边,嘉善,木业大道777号,428779
同润十里洋坊商铺,50000,121.32328600000001,31.012686,2011-08-01,,均价,均价,0,松江,松江新城,车墩镇影佳路123弄,410556
毓阳东首岸,30000,121.93134765838998,30.903114465728002,2012-02-14,,均价,均价,0,浦东,临港新城,山兰路446号（近水芸路）,413311
三弦海上金街,20000,121.53088573064,31.072701941563,2016-10-28,,均价,均价,0,闵行,浦江,三鲁公路3003弄,414353
中关村虹桥中心,38500,121.356677,31.236138,2015-11-08,,均价,均价,0,长宁,虹桥路,临空经济园区金轮路临虹路,413318
金沙御墅,48000,121.378447,31.240122999999997,2011-05-11,,均价,均价,0,普陀,长征,金沙江路2009弄,426198
康乐金街,40000,121.763722,31.123965999999996,2016-10-13,,均价,均价,0,浦东,祝桥,南祝路388号（近南祝路）,415461
中环协信天地,38000,121.464533,31.303523,2014-02-01,,均价,均价,0,静安,彭浦新村,闸北江场路1228弄,413319
申亚时代广场,34400,121.438768,31.220996999999997,2017-12-14,,均价,均价,0,长宁,虹桥路,天山西路18号　,413286
金山工商联大厦,18800,121.352473,30.752421000000002,2016-03-10,,均价,均价,0,金山,金山新城,龙山路295弄,412320
鹏欣一品漫城一二期商铺,62000,121.50126855691002,31.123336231434998,2012-09-01,,均价,均价,0,闵行,浦江,浦星公路568号,432044
中童巴比尼,30000,121.33676399999999,31.3117,2015-01-18,,均价,均价,0,嘉定,南翔,浏翔公路699号,419777
上坤·上街,40000,121.34988231008002,31.425844377623,2015-11-15,,均价,均价,0,宝山,罗店,塘西街299弄,298389
江南印象,15000,120.910211,30.946785,,联排别墅,均价,均价,0,上海周边,嘉善,南苑路288号,430476
上海朕天光电科技园,8500,121.70403810084998,31.012951170847,2013-11-16,,均价,均价,0,浦东,惠南,汇技路988号(近申腾路),413283
赢华国际广场,41000,121.39183799999999,31.226643,2010-12-28,,均价,均价,0,普陀,长风,光复西路2899号1-11号,424482
禹洲金桥国际商铺,40000,121.620228,31.260724,2013-01-17,,均价,均价,0,浦东,金桥,金豫路50弄,410910
中房晶华公馆,38000,121.528149,31.152240000000003,2015-04-20,,均价,均价,0,浦东,三林,东明路2600，2608，2612号等,410938
嘉善新天地,20000,120.9378847751,30.822105069520997,,,均价,均价,0,上海周边,嘉善,农商城西尚客优快捷酒店,434552
中邦金座,20000,121.57778700000001,31.142357,2007-07-01,,总价,总价,0,浦东,周康,秀沿路877号,410935
